Workbook

Sheet Sheet1
G5: Hari, tanggal: | H5: Senin, 27 Jul 2026
A6: Kajian Harian Risiko Likuiditas
A7: Pemantauan Ketersediaan Alat Likuid
A8: No | C8: Keterangan | E8: 46226 | G8: 46227
A9: A. | B9: Primary Reserve Rupiah (Juta Rupiah)
B10: 1. | C10: Kas Rupiah (Juta Rupiah) | E10: Normal | G10: Normal
C11: Pagu Kas Rupiah BNI Wide***** | E11: 8303691 | G11: 8303691
C12: Kas Rupiah (Juta Rupiah) | E12: 8528782 | F12: 1.0148735 | G12: 9026825.2 | H12: 1.0397587
C13: Rata-rata realisasi kas rupiah (Periode Normal)**** | E13: 8427196.3 | F13: DARK GREEN | G13: 8633834.9 | H13: DARK GREEN
B14: 2. | C14: Giro Wajib Minimum (GWM) Rupiah
C15: a. GWM Harian (min. 0%) | E15: 0.0634 | F15: 0.0634 | G15: 0.0636 | H15: 0.0636
C16: ▫ R/C BI | E16: 53933292 | G16: 54167675
C17: ▫ DPK | E17: 8.5125517e+08 | G17: 8.5125517e+08
C18: GWM Averaging | E18: 0.050783333 | F18: 0.014783333 | G18: 0.052614286 | H18: 0.016614286
C19: Pemenuhan GWM | E19: 0.036 | G19: 0.036
C20: ▫ Excess Reserve | E20: 23324392 | G20: 23494643
C21: b. GWM Sekunder (PLM) | E21: 0.1890473 | F21: 0.1490473 | G21: 0.18704389 | H21: 0.14704389
C22: ▫ SBI, SDBI, dan SBN | E22: 1.6092749e+08 | G22: 1.5922208e+08
C23: c. Ketentuan
C24: ▫ GWM Rupiah (PADG No. 24/8/PADG/2022 tgl. 30 Juni 2022) | E24: 0.09 | G24: 0.09
C25: ▫ GWM Sekunder - PLM | E25: 0.04 | G25: 0.04
A26: B. | B26: Primary Reserve Valas (Ribu USD)
B27: 1. | C27: Kas Valas (Ribu USD) | E27: 91925.262 | G27: 101194.18
C28: Pagu kas valas BNI Wide | E28: 87230.142 | F28: 1.0936546 | G28: 87230.142 | H28: 1.1162561
C29: Rata-rata realisasi kas valas (5 Hari)**** | E29: 95399.649 | F29: LIGHT YELLOW | G29: 97371.175 | H29: DARK YELLOW
B30: 2. | C30: Giro Wajib Minimum (GWM) Valas
C31: a. GWM Valas | E31: 0.040034887 | F31: 3.4886939e-05 | G31: 0.040034887 | H31: 3.4886939e-05
C32: ▫ R/C BI Valas | E32: 574622 | G32: 574622
C33: ▫ DPK Valas | E33: 14353032 | G33: 14353032
C34: b. Ketentuan (PADG No 22/2/PADG/2020 tgl 13 Maret 2020)
C35: ▫ GWM Valas | E35: 0.04 | G35: 0.04
A36: C. | B36: Safety Level (Juta Rupiah)
B37: 1. | C37: Tight/Normal* | E37: Moderate | G37: Moderate
B38: 2. | C38: Safety Level** | E38: 15500000 | G38: 15500000
B39: 3. | C39: Cadangan Likuiditas | E39: 23000000 | F39: GREEN | G39: 23250000 | H39: GREEN
B40: 4. | C40: TR Liquid (after haircut 20%) | E40: 57763312 | G40: 57731140
B41: 5. | C41: Status Likuiditas***
A42: D. | B42: Safety Level (Ribu USD)
B43: 1. | C43: Tight/Normal* | E43: Moderate | G43: Moderate
B44: 2. | C44: Safety Level** | E44: 1200000 | G44: 1200000
B45: 3. | C45: Cadangan Likuiditas | E45: 2420000 | F45: GREEN | G45: 2520000 | H45: GREEN
B46: 4. | C46: TR Liquid (after haircut 20%) | E46: 374016.28 | G46: 373584.98
A48: E. | B48: Rasio Intermediasi Makroprudensial (RIM) (Juta Rupiah) ******
B49: a. | C49: Kredit | E49: 9.5170279e+08 | F49: 9.5925077e+08 | G49: 9.5170279e+08 | H49: 9.5925077e+08
C50: Surat Berharga yang dimiliki | E50: 5790088.6 | G50: 5790088.6
C51: Wesel Ekspor | E51: 1757891.9 | G51: 1757891.9
B52: b. | C52: DPK | E52: 1.0860766e+09 | F52: 1.1204651e+09 | G52: 1.0860766e+09 | H52: 1.1204651e+09
C53: Pinjaman yang diterima | E53: 25414543 | G53: 25414543
C54: Surat Berharga yang diterbitkan | E54: 8973995.9 | G54: 8973995.9
C55: RIM (Risk Appetite 84%-94%, Risk tolerance max 96%) | E55: 0.85611836 | G55: 0.85611836
C56: Informasi posisi RIM | E56: Dalam Range Risk Appetite | G56: Dalam Range Risk Appetite
B57: c. | C57: Disinsentif RIM | E57: 0 | G57: 0
A58: F. | B58: Insentif KLM (Kebijakan Insentif Likuditas Makroprudensial)
C59: Surat BI terkait penyampaian informasi data insentif KLM | E59: 0.054 | G59: 0.054
A60: G. | B60: Loan to Deposit Ratio (LDR) | E60: 46225 | G60: 46226
C61: LDR Rupiah | E61: 0.89257386 | G61: 0.89174617
C62: LDR Valas | E62: 0.7438614 | G62: 0.7501559
C63: LDR Total | E63: 0.86233281 | G63: 0.86310142
A64: H. | B64: AL:DPK dan AL:NCD
C65: AL/NCD (min. 50%) | E65: 0.86184835 | G65: 0.91805407
C66: AL/DPK (min. 10%) | E66: 0.20079168 | G66: 0.21406969
A68: Catatan: | C68: * Kondisi Pagu Normal (Rupiah) dan Normal (Valas) cfm. Memo ERM No.ERM/3/597 tanggal 30 April 2026
C69: ** Safety Level (Adjusted SR Ideal) IDR dan VA cfm Memo ERM/3/046 tgl. 09 Januari 2024
C70: ** Berdasarkan hasil Steerco BCC tanggal 28 Mei 2025, kondisi likuiditas ditetapkan pada stage Moderate.
C71: *** Perhitungan penetapan traffic light SR IDR dan VA cfm PP Prosedur Manajemen Risiko Likuiditas No. IN/829/ERM/003
A72: **** Perhitungan Kas menggunakan Neraca Before tanggal 01 July 2026
A73: ***** Penetapan Pagu Kas Rupiah dan Valas BNI Wide cfm. Memo No.ERM/3/921 tanggal 01 Juli 2026
A74: ****** Perhitungan LDR, AL/NCD, dan AL/DPK menggunakan data tanggal 29 Juni 2026
A75: Analisa kajian kami sajikan sebagai berikut: • Posisi traffic light Kas Rupiah dan Kas Valas adalah: dark green dan dark yellow. • Posisi GWM Rupiah secara rata-rata (averaging) berada di posisi 5,26% dan berada diatas ketentuan pemenuhan GWM, dimana GWM Rupiah yang harus dipenuhi BNI pada periode ini adalah 3,60%. Sedangkan posisi GWM Valas yaitu sebesar 4,00%, berada sesuai ketentuan BI (4,00%). • Berdasarkan Peraturan Anggota Dewan Gubernur Nomor 12 Tahun 2023 tentang Perubahan Kedua atas Peraturan Anggota Dewan Gubernur Nomor 24/8/PADG/2022 tentang Peraturan Pelaksanaan Pemenuhan Giro Wajib Minimum dalam Rupiah dan Valuta Asing bagi Bank Umum Konvensional, Bank Umum Syariah, dan Unit Usaha Syariah, diberlakukan ketentuan pemenuhan GWM Rupiah sebesar 9,00% mulai 01 September 2022. • Berdasarkan Surat BI Perihal Informasi Pemberian Insentif Kebijakan Insentif Likuiditas Makroprudensial (KLM) Periode Bulan 01 Juli 2026 s.d 31 Juli 2026, bahwa BNI memperoleh insentif sebesar 5,40% selama periode 01 Juli 2026 s.d 31 Juli 2026. • Berdasarkan Peraturan Anggota Dewan Gubernur Nomor 11 Tahun 2025 tentang Perubahan Kedelapan atas Peraturan Anggota Dewan Gubernur Nomor 21/22/PADG/2019 tentang Rasio Intermediasi Makroprudensial dan Penyangga Likuiditas Makroprudensial bagi Bank Umum Konvensional, Bank Umum Syariah, dan Unit Usaha Syariah, dilakukan penyesuaian besaran kewajiban PLM menjadi 4% (lima persen) dari DPK BUK dalam rupiah. • Realisasi GWM Sekunder (PLM) sebesar 18,70% atau sekitar 14,70% diatas ketentuan minimum BI sebesar 4,00%. • Cfm. Memo ERM no. ERM/3/046 tanggal 09 Januari 2024 perihal Review Metodologi dan Limit Safety Level, dilakukan perubahan limit safety level rupiah dan valas yang mulai diberlakukan tanggal 10 April 2024. • Realisasi Cadangan Likuiditas (Adjusted SR Netto) Rupiah meningkat sebesar 1,09% berada di Rp23.250Triliun dan berada pada traffic light 'GREEN'. Sedangkan realisasi Cadangan Likuiditas Valas meningkat dan berada di USD2.520 Juta dengan traffic light berada di 'GREEN'. • Berdasarkan PADG No. 18 tahun 2026 per tanggal 01 Juli 2026 tentang Rasio Intermediasi Makroprudensial dan Penyangga Likuiditas Makroprudensial bagi Bank Umum Konvensional, Bank Umum Syariah, dan Unit Usaha Syariah. DPK dan Kredit yang digunakan dalam perhitungan menggunakan data Laporan Posisi Keuangan pada tanggal 01-15 dan 16-EoM pada bulan sebelumnya dalam LBUT. • Rasio RIM 16 - EoM Juli 2026 turun dibandingkan periode sebelumnya (01 - 15 Juli 2026), dari sebelumnya sebesar 86,67% menjadi 85,61%. Turunnya nilai RIM didominasi oleh peningkatan komponen DPK sebesar 2,37% yaitu 25,18T. • Pada periode RIM tanggal 16 - EoM Juli 2026 sebesar 85,61%, berada dalam range risk appetite (84%-94%), dan masih dibawah risk tolerance 96%. • Perhitungan posisi RIM tanggal 16-EoM Juli 2026 telah memperhitungkan komponen Wesel-SKBDN pada Surat berharga yang dimiliki. • Berdasarkan PBI No. 2 tahun 2026 tanggal 02 Februari 2026 dan PADG No. 23 tahun 2025 tanggal 20 Oktober 2025, diberlakukan parameter disinsentif bawah apabila RIM dibawah 84% serta diberlakukan parameter disinsentif atas jika nilai RIM diatas 94%. • Realisasi LDR Rupiah sebesar 89,17% dan LDR Valas sebesar 75,02%. Agar tetap melakukan penghimpunan DPK dengan optimal disertai penyaluran kredit dengan tetap mengutamakan prinsip kehati-hatian untuk menjaga rasio LDR tetap stabil. • Realisasi AL/NCD sebesar 91,81% dan berada diatas threshold minimum yang ditentukan yaitu sebesar 50% sedangkan realisasi AL/ DPK sebesar 21,41% dan berada diatas threshold minimum yang ditetapkan regulator sebesar 10%. Agar tetap menyediakan dana yang dapat ditempatkan pada instrumen-instrumen yang dapat meningkatkan persentase AL/NCD dan AL/DPK antara lain seperti Deposit Facility, RR SBN, Term Deposit, dan instrumen lainnya untuk menjaga persentase pemenuhan rasio AL/ NCD dan AL/DPK sesuai ketentuan minimum.
E80: Bahaya
E82: RED DOWN | F82: RED BAHAYA | G82: RED BAHAYA
E83: Dalam Batas Toleransi | F83: #REF!
E84: #VALUE!
E88: 9268.9129 | G88: kredit
E89: 250000
E90: 100000
G91: giro
C92: =A94&TEXT(F94,"dd mmmm yyy") | G92: deposito
G93: simpanan
A94: **** Perhitungan Kas menggunakan Neraca Before tanggal | F94: 46229 | G94: pinjaman yang diterima
E96: 46229.646 | F96: 46204
E97: 46229.646
E98: Minggu
G105: RED DOWN
D106: KREDIT | E106: SB YANG DIMILIKI
D107: 0 | E107: 2.4111922e+12 | F107: 2.4111922e+12
D108: DPK | E108: SB YANG DITERBITKAN
D109: 0 | E109: 1996050000000 | F109: 1996050000000
F111: 1.2079818

Sheet Sheet2
G5: Hari, tanggal: | H5: Kamis, 24 Apr 2025
A6: Kajian Harian Risiko Likuiditas
A7: Pemantauan Ketersediaan Alat Likuid
A8: No | C8: Keterangan | E8: 45769 | G8: 45770
A9: A. | B9: Primary Reserve Rupiah (Juta Rupiah) | M9: =IF(B9=Sheet1!B9,"",1) | N9: =IF(C9=Sheet1!C9,"",1)
B10: 1. | C10: Kas Rupiah (Juta Rupiah) | E10: Normal | G10: Normal | M10: =IF(B10=Sheet1!B10,"",1) | N10: =IF(C10=Sheet1!C10,"",1)
C11: Pagu Kas Rupiah BNI Wide***** | E11: 8666970 | G11: 8666970 | M11: =IF(B11=Sheet1!B11,"",1) | N11: =IF(C11=Sheet1!C11,"",1)
C12: Kas Rupiah (Juta Rupiah) | E12: 9154009.5 | F12: 1.0330729 | G12: 8842957 | H12: 1.0236671 | M12: =IF(B12=Sheet1!B12,"",1) | N12: =IF(C12=Sheet1!C12,"",1)
C13: Rata-rata realisasi kas rupiah (Periode Normal)**** | E13: 8953612.1 | F13: DARK GREEN | G13: 8872092.1 | H13: DARK GREEN | M13: =IF(B13=Sheet1!B13,"",1) | N13: =IF(C13=Sheet1!C13,"",1)
B14: 2. | C14: Giro Wajib Minimum (GWM) Rupiah | M14: =IF(B14=Sheet1!B14,"",1) | N14: =IF(C14=Sheet1!C14,"",1)
C15: a. GWM Harian (min. 0%) | E15: 0.0403 | F15: 0.0403 | G15: 0.0403 | H15: 0.0403 | M15: =IF(B15=Sheet1!B15,"",1) | N15: =IF(C15=Sheet1!C15,"",1)
C16: ▫ R/C BI | E16: 25783542 | G16: 25790670 | M16: =IF(B16=Sheet1!B16,"",1) | N16: =IF(C16=Sheet1!C16,"",1)
C17: ▫ DPK | E17: 6.4056636e+08 | G17: 6.4056636e+08 | M17: =IF(B17=Sheet1!B17,"",1) | N17: =IF(C17=Sheet1!C17,"",1)
C18: GWM Averaging | E18: 0.042125 | F18: 0.002125 | G18: 0.04176 | H18: 0.00176 | M18: =IF(B18=Sheet1!B18,"",1) | N18: =IF(C18=Sheet1!C18,"",1)
C19: Pemenuhan GWM | E19: 0.04 | G19: 0.04 | M19: =IF(B19=Sheet1!B19,"",1) | N19: =IF(C19=Sheet1!C19,"",1)
C20: ▫ Excess Reserve | E20: 192169.91 | G20: 192169.91 | M20: =IF(B20=Sheet1!B20,"",1) | N20: =IF(C20=Sheet1!C20,"",1)
C21: b. GWM Sekunder (PLM) | E21: 0.1761808 | F21: 0.1261808 | G21: 0.18346606 | H21: 0.13346606 | M21: =IF(B21=Sheet1!B21,"",1) | N21: =IF(C21=Sheet1!C21,"",1)
C22: ▫ SBI, SDBI, dan SBN | E22: 1.1285549e+08 | G22: 1.1752219e+08 | M22: =IF(B22=Sheet1!B22,"",1) | N22: =IF(C22=Sheet1!C22,"",1)
C23: c. Ketentuan | M23: =IF(B23=Sheet1!B23,"",1) | N23: =IF(C23=Sheet1!C23,"",1)
C24: ▫ GWM Rupiah (PADG No. 24/8/PADG/2022 tgl. 30 Juni 2022) | E24: 0.09 | G24: 0.09 | M24: =IF(B24=Sheet1!B24,"",1) | N24: =IF(C24=Sheet1!C24,"",1)
C25: ▫ GWM Sekunder - PLM | E25: 0.05 | G25: 0.05 | M25: =IF(B25=Sheet1!B25,"",1) | N25: =IF(C25=Sheet1!C25,"",1)
A26: B. | B26: Primary Reserve Valas (Ribu USD) | M26: =IF(B26=Sheet1!B26,"",1) | N26: =IF(C26=Sheet1!C26,"",1)
B27: 1. | C27: Kas Valas (Ribu USD) | E27: 71412.78 | G27: 70747.339 | M27: =IF(B27=Sheet1!B27,"",1) | N27: =IF(C27=Sheet1!C27,"",1)
C28: Pagu kas valas BNI Wide | E28: 76529.68 | F28: 0.94630547 | G28: 76529.68 | H28: 0.94070262 | M28: =IF(B28=Sheet1!B28,"",1) | N28: =IF(C28=Sheet1!C28,"",1)
C29: Rata-rata realisasi kas valas (5 Hari)**** | E29: 72420.455 | F29: DARK GREEN | G29: 71991.67 | H29: DARK GREEN | M29: =IF(B29=Sheet1!B29,"",1) | N29: =IF(C29=Sheet1!C29,"",1)
B30: 2. | C30: Giro Wajib Minimum (GWM) Valas | M30: =IF(B30=Sheet1!B30,"",1) | N30: =IF(C30=Sheet1!C30,"",1)
C31: a. GWM Valas | E31: 0.040028092 | F31: 2.80916e-05 | G31: 0.040028092 | H31: 2.80916e-05 | M31: =IF(B31=Sheet1!B31,"",1) | N31: =IF(C31=Sheet1!C31,"",1)
C32: ▫ R/C BI Valas | E32: 507750 | G32: 507750 | M32: =IF(B32=Sheet1!B32,"",1) | N32: =IF(C32=Sheet1!C32,"",1)
C33: ▫ DPK Valas | E33: 12684842 | G33: 12684842 | M33: =IF(B33=Sheet1!B33,"",1) | N33: =IF(C33=Sheet1!C33,"",1)
C34: b. Ketentuan (PADG No 22/2/PADG/2020 tgl 13 Maret 2020) | M34: =IF(B34=Sheet1!B34,"",1) | N34: =IF(C34=Sheet1!C34,"",1)
C35: ▫ GWM Valas | E35: 0.04 | G35: 0.04 | M35: =IF(B35=Sheet1!B35,"",1) | N35: =IF(C35=Sheet1!C35,"",1)
A36: C. | B36: Safety Level - Adjusted SR Ideal Rupiah (Juta Rupiah) | M36: =IF(B36=Sheet1!B36,"",1) -> 1 | N36: =IF(C36=Sheet1!C36,"",1)
B37: 1. | C37: Tight/Normal* | E37: Normal | G37: Normal | M37: =IF(B37=Sheet1!B37,"",1) | N37: =IF(C37=Sheet1!C37,"",1)
B38: 2. | C38: Safety Level (Adjusted SR Ideal)** | E38: 13800000 | G38: 13800000 | M38: =IF(B38=Sheet1!B38,"",1) | N38: =IF(C38=Sheet1!C38,"",1) -> 1
B39: 3. | C39: Cadangan Likuiditas (Adjusted SR Netto) | E39: 14913000 | F39: GREEN | G39: 15040000 | H39: GREEN | M39: =IF(B39=Sheet1!B39,"",1) | N39: =IF(C39=Sheet1!C39,"",1) -> 1
B40: 4. | C40: TR Liquid (after haircut 20%) | E40: 47684089 | G40: 47753440 | M40: =IF(B40=Sheet1!B40,"",1) | N40: =IF(C40=Sheet1!C40,"",1)
B41: 5. | C41: Status Likuiditas*** | M41: =IF(B41=Sheet1!B41,"",1) | N41: =IF(C41=Sheet1!C41,"",1)
A42: D. | B42: Safety Level - Adjusted SR Ideal Valas (Ribu USD) | M42: =IF(B42=Sheet1!B42,"",1) -> 1 | N42: =IF(C42=Sheet1!C42,"",1)
B43: 1. | C43: Tight/Normal* | E43: Normal | G43: Normal | M43: =IF(B43=Sheet1!B43,"",1) | N43: =IF(C43=Sheet1!C43,"",1)
B44: 2. | C44: Safety Level (Adjusted SR Ideal)** | E44: 1000000 | G44: 1000000 | M44: =IF(B44=Sheet1!B44,"",1) | N44: =IF(C44=Sheet1!C44,"",1) -> 1
B45: 3. | C45: Cadangan Likuiditas (Adjusted SR Netto) | E45: 1172000 | F45: GREEN | G45: 1180000 | H45: GREEN | M45: =IF(B45=Sheet1!B45,"",1) | N45: =IF(C45=Sheet1!C45,"",1) -> 1
B46: 4. | C46: TR Liquid (after haircut 20%) | E46: 431337.91 | G46: 431667.92 | M46: =IF(B46=Sheet1!B46,"",1) | N46: =IF(C46=Sheet1!C46,"",1)
M47: =IF(B47=Sheet1!B47,"",1) | N47: =IF(C47=Sheet1!C47,"",1)
A48: E. | B48: Rasio Intermediasi Makroprudensial (RIM) (Juta Rupiah) ****** | M48: =IF(B48=Sheet1!B48,"",1) | N48: =IF(C48=Sheet1!C48,"",1)
B49: a. | C49: Kredit | E49: 7.513939e+08 | F49: 7.553109e+08 | G49: 7.513939e+08 | H49: 7.553109e+08 | M49: =IF(B49=Sheet1!B49,"",1) | N49: =IF(C49=Sheet1!C49,"",1)
C50: Surat Berharga yang dimiliki | E50: 2195982.2 | G50: 2195982.2 | M50: =IF(B50=Sheet1!B50,"",1) | N50: =IF(C50=Sheet1!C50,"",1)
C51: Wesel Ekspor | E51: 1721017.6 | G51: 1721017.6 | M51: =IF(B51=Sheet1!B51,"",1) | N51: =IF(C51=Sheet1!C51,"",1)
B52: b. | C52: DPK | E52: 8.0812e+08 | F52: 8.271211e+08 | G52: 8.0812e+08 | H52: 8.271211e+08 | M52: =IF(B52=Sheet1!B52,"",1) | N52: =IF(C52=Sheet1!C52,"",1)
C53: Pinjaman yang diterima | E53: 9878158.8 | G53: 9878158.8 | M53: =IF(B53=Sheet1!B53,"",1) | N53: =IF(C53=Sheet1!C53,"",1)
C54: Surat Berharga yang diterbitkan | E54: 9122940.6 | G54: 9122940.6 | M54: =IF(B54=Sheet1!B54,"",1) | N54: =IF(C54=Sheet1!C54,"",1)
C55: RIM (Risk Appetite 84%-94%, Risk tolerance max 96%) | E55: 0.91318055 | G55: 0.91318055 | M55: =IF(B55=Sheet1!B55,"",1) | N55: =IF(C55=Sheet1!C55,"",1)
C56: Informasi posisi RIM | E56: Dalam Range Risk Appetite | G56: Dalam Range Risk Appetite | M56: =IF(B56=Sheet1!B56,"",1) | N56: =IF(C56=Sheet1!C56,"",1)
B57: c. | C57: Disinsentif RIM | E57: 0 | G57: 0 | M57: =IF(B57=Sheet1!B57,"",1) | N57: =IF(C57=Sheet1!C57,"",1)
A58: F. | B58: Insentif KLM (Kebijakan Insentif Likuditas Makroprudensial) | M58: =IF(B58=Sheet1!B58,"",1) | N58: =IF(C58=Sheet1!C58,"",1)
C59: Surat BI terkait penyampaian informasi data insentif KLM (01-31 Maret 2025) | E59: 0.05 | G59: 0.05 | M59: =IF(B59=Sheet1!B59,"",1) | N59: =IF(C59=Sheet1!C59,"",1) -> 1
A60: G. | B60: Loan to Deposit Ratio (LDR) | E60: 45768 | G60: 45769 | M60: =IF(B60=Sheet1!B60,"",1) | N60: =IF(C60=Sheet1!C60,"",1)
C61: LDR Rupiah | E61: 0.92975497 | G61: 0.93205014 | M61: =IF(B61=Sheet1!B61,"",1) | N61: =IF(C61=Sheet1!C61,"",1)
C62: LDR Valas | E62: 0.92833272 | G62: 0.93627122 | M62: =IF(B62=Sheet1!B62,"",1) | N62: =IF(C62=Sheet1!C62,"",1)
C63: LDR Total | E63: 0.92943764 | G63: 0.93298878 | M63: =IF(B63=Sheet1!B63,"",1) | N63: =IF(C63=Sheet1!C63,"",1)
A64: H. | B64: AL:DPK dan AL:NCD | M64: =IF(B64=Sheet1!B64,"",1) | N64: =IF(C64=Sheet1!C64,"",1)
C65: AL/NCD (min. 50%) | E65: 0.65983547 | G65: 0.65621897 | M65: =IF(B65=Sheet1!B65,"",1) | N65: =IF(C65=Sheet1!C65,"",1)
C66: AL/DPK (min. 10%) | E66: 0.16040587 | G66: 0.15955855 | M66: =IF(B66=Sheet1!B66,"",1) | N66: =IF(C66=Sheet1!C66,"",1)
A68: Catatan: | C68: * Kondisi Pagu Kas Normal (Rupiah) dan Normal (Valas) cfm. Memo ERM No.ERM/3/1781 tanggal 30 Oktober 2024
C69: ** Safety Level (Adjusted SR Ideal) IDR dan VA cfm Memo ERM/3/046 tgl. 09 Januari 2024
C70: ** Berdasarkan keputusan Steerco kondisi Likuiditas tanggal 02 Agustus 2024, kondisi likuiditas tetap Moderat namun dengan pertimbangan kondisi ekonomi saat ini maka safety level dikembalikan menjadi Normal
C71: *** Perhitungan penetapan traffic light SR IDR dan VA cfm PP Prosedur Manajemen Risiko Likuiditas No. IN/829/ERM/003
A72: **** Perhitungan Kas menggunakan Neraca Before tanggal 23 April 2025
A73: ***** Penetapan Pagu Kas Rupiah dan Valas BNI Wide cfm. Memo ERM/3/1781 tgl. 31 Oktober 2024
A75: Analisa kajian kami sajikan sebagai berikut: • Posisi traffic light Kas Rupiah dan Kas Valas adalah: dark green dan dark green. • Posisi GWM Rupiah secara rata-rata (averaging) berada di posisi 4,18% dan berada diatas ketentuan pemenuhan GWM, dimana GWM Rupiah yang harus dipenuhi BNI pada periode ini adalah 4,00%. Sedangkan posisi GWM Valas yaitu sebesar 4,00%, dimana sesuai ketentuan BI (4,00%). • Berdasarkan Peraturan Anggota Dewan Gubernur Nomor 12 Tahun 2023 tentang Perubahan Kedua atas Peraturan Anggota Dewan Gubernur Nomor 24/8/PADG/2022 tentang Peraturan Pelaksanaan Pemenuhan Giro Wajib Minimum dalam Rupiah dan Valuta Asing bagi Bank Umum Konvensional, Bank Umum Syariah, dan Unit Usaha Syariah, diberlakukan ketentuan pemenuhan GWM Rupiah sebesar 9,00% mulai 01 September 2022. • Berdasarkan Surat BI Perihal Informasi Pemberian Insentif Kebijakan Insentif Likuiditas Makroprudensial (KLM) Periode Bulan 01 April s.d 31 Mei 2025, bahwa BNI memperoleh insentif sebesar 5,00% selama periode 01 April s.d 31 Mei 2025. • Berdasarkan Peraturan Anggota Dewan Gubernur Nomor 18 Tahun 2023 tentang Perubahan Ketujuh atas Peraturan Anggota Dewan Gubernur Nomor 21/22/PADG/2019 tentang Rasio Intermediasi Makroprudensial dan Penyangga Likuiditas Makroprudensial bagi Bank Umum Konvensional, Bank Umum Syariah, dan Unit Usaha Syariah, dilakukan penyesuaian besaran kewajiban PLM menjadi 5% (lima persen) dari DPK BUK dalam rupiah. • Realisasi GWM Sekunder (PLM) sebesar 18,35% atau sekitar 13,85% diatas ketentuan minimum BI sebesar 5,00%. • Cfm. Memo ERM no. ERM/3/046 tanggal 09 Januari 2024 perihal Review Metodologi dan Limit Safety Level, dilakukan perubahan limit safety level rupiah dan valas yang mulai diberlakukan tanggal 10 April 2024. • Realisasi Cadangan Likuiditas (Adjusted SR Netto) Rupiah meningkat sebesar 0,85% menjadi Rp15.040 Triliun namun tetap pada traffic light 'GREEN'. Sedangkan realisasi Cadangan Likuiditas Valas meningkat dan berada di USD1.180 Juta serta traffic light berada di 'GREEN'. • Berdasarkan PBI No. 24/16/PBI/2022 dan PADG No. 24/14/PADG/2022 tanggal 01 November 2022 tentang Rasio Intermediasi Makroprudensial dan Penyangga Likuiditas Makroprudensial, bahwa DPK dan Kredit Luar Negeri menjadi komponen yang diperhitungkan dalam perhitungan RIM. DPK dan Kredit yang digunakan dalam perhitungan menggunakan data Laporan Posisi Keuangan pada tanggal 16-EoM pada bulan sebelumnya dalam LBUT. • Rasio RIM periode 16-EoM April 2025 naik dibandingkan periode sebelumnya (01-15 April 2025), dari sebelumnya sebesar 90,45% menjadi 91,32%. Meningkatnya nilai RIM yang didominasi oleh peningkatan Kredit dibandingkan periode sebelumnya sebesar Rp. 10,20T. • Berdasarkan PADG No. 23/7/PADG/2021, per tanggal 01 Januari 2022 diberlakukan parameter disinsentif bawah apabila RIM dibawah 84% serta diberlakukan parameter disinsentif atas jika nilai RIM diatas 94%. • Pada periode RIM tanggal 16-EoM April 2025 sebesar 91,32%, berada dalam range risk appetite (84%-94%), dan masih dibawah risk tolerance 96%. • Realisasi LDR Rupiah sebesar 93,21% dan LDR Valas sebesar 93,63%. Agar tetap melakukan penghimpunan DPK dengan optimal disertai penyaluran kredit dengan tetap mengutamakan prinsip kehati-hatian untuk menjaga rasio LDR tetap stabil. • Realisasi AL/NCD sebesar 65,62% dan berada diatas treshold minimum yang ditentukan yaitu sebesar 50% sedangkan realisasi AL/ DPK sebesar 15,96% dan berada diatas treshold minimum yang ditetapkan regulator sebesar 10%. Agar tetap menyediakan dana yang dapat ditempatkan pada instrumen-instrumen yang dapat meningkatkan persentase AL/NCD dan AL/DPK antara lain seperti Deposit Facility, RR SBN, Term Deposit, dan instrumen lainnya untuk menjaga persentase pemenuhan rasio AL/ NCD dan AL/DPK sesuai ketentuan minimum.
E80: Bahaya
E82: RED DOWN | F82: RED BAHAYA | G82: RED BAHAYA
E83: Dalam Batas Toleransi | F83: #VALUE!
E84: DARK GREEN
E88: -665.44148 | G88: kredit
E89: 127000
E90: 8000
G91: giro
G92: deposito
G93: simpanan
A94: **** Perhitungan Kas menggunakan Neraca Before tanggal | F94: 45770 | G94: pinjaman yang diterima
E96: 45770.734
E97: 45771.734
E98: Kamis
G105: RED DOWN
D106: KREDIT | E106: SB YANG DIMILIKI
D107: 0 | E107: 2.4111922e+12 | F107: 2.4111922e+12
D108: DPK | E108: SB YANG DITERBITKAN
D109: 0 | E109: 1996050000000 | F109: 1996050000000
F111: 1.2079818

Sheet upload
A1: No | C1: Keterangan | E1: 46227
A2: A. | B2: Primary Reserve Rupiah (Juta Rupiah)
B3: 1. | C3: Kas Rupiah (Juta Rupiah) | E3: Normal
C4: Pagu Kas Rupiah BNI Wide***** | E4: 8303691
C5: Kas Rupiah (Juta Rupiah) | E5: 9026825.2 | F5: 1.0397587
C6: Rata-rata realisasi kas rupiah (Periode Normal)**** | E6: 8633834.9 | F6: DARK GREEN
B7: 2. | C7: Giro Wajib Minimum (GWM) Rupiah
C8: a. GWM Harian (min. 0%) | E8: 0.0636 | F8: 0.0636
C9: ▫ R/C BI | E9: 54167675
C10: ▫ DPK | E10: 8.5125517e+08
C11: GWM Averaging | E11: 0.052614286 | F11: 0.016614286
C12: Pemenuhan GWM | E12: 0.036
C13: ▫ Excess Reserve | E13: 23494643
C14: b. GWM Sekunder (PLM) | E14: 0.18704389 | F14: 0.14704389
C15: ▫ SBI, SDBI, dan SBN | E15: 1.5922208e+08
C16: c. Ketentuan
C17: ▫ GWM Rupiah (PADG No. 24/8/PADG/2022 tgl. 30 Juni 2022) | E17: 0.09
C18: ▫ GWM Sekunder - PLM | E18: 0.04
A19: B. | B19: Primary Reserve Valas (Ribu USD)
B20: 1. | C20: Kas Valas (Ribu USD) | E20: 101194.18
C21: Pagu kas valas BNI Wide | E21: 87230.142 | F21: 1.1162561
C22: Rata-rata realisasi kas valas (5 Hari)**** | E22: 97371.175 | F22: DARK YELLOW
B23: 2. | C23: Giro Wajib Minimum (GWM) Valas
C24: a. GWM Valas | E24: 0.040034887 | F24: 3.4886939e-05
C25: ▫ R/C BI Valas | E25: 574622
C26: ▫ DPK Valas | E26: 14353032
C27: b. Ketentuan (PADG No 22/2/PADG/2020 tgl 13 Maret 2020)
C28: ▫ GWM Valas | E28: 0.04
A29: C. | B29: Safety Level (Juta Rupiah)
B30: 1. | C30: Tight/Normal* | E30: Moderate
B31: 2. | C31: Safety Level** | E31: 15500000
B32: 3. | C32: Cadangan Likuiditas | E32: 23250000 | F32: GREEN
B33: 4. | C33: TR Liquid (after haircut 20%) | E33: 57731140
B34: 5. | C34: Status Likuiditas***
A35: D. | B35: Safety Level (Ribu USD)
B36: 1. | C36: Tight/Normal* | E36: Moderate
B37: 2. | C37: Safety Level** | E37: 1200000
B38: 3. | C38: Cadangan Likuiditas | E38: 2520000 | F38: GREEN
B39: 4. | C39: TR Liquid (after haircut 20%) | E39: 373584.98
A41: E. | B41: Rasio Intermediasi Makroprudensial (RIM) (Juta Rupiah) ******
B42: a. | C42: Kredit | E42: 9.5170279e+08 | F42: 9.5925077e+08
C43: Surat Berharga yang dimiliki | E43: 5790088.6
C44: Wesel Ekspor | E44: 1757891.9
B45: b. | C45: DPK | E45: 1.0860766e+09 | F45: 1.1204651e+09
C46: Pinjaman yang diterima | E46: 25414543
C47: Surat Berharga yang diterbitkan | E47: 8973995.9
C48: RIM (Risk Appetite 84%-94%, Risk tolerance max 96%) | E48: 0.85611836
C49: Informasi posisi RIM | E49: Dalam Range Risk Appetite
B50: c. | C50: Disinsentif RIM | E50: 0
A51: F. | B51: Insentif KLM (Kebijakan Insentif Likuditas Makroprudensial)
C52: Surat BI terkait penyampaian informasi data insentif KLM | E52: 0.054
A53: G. | B53: Loan to Deposit Ratio (LDR) | E53: 46226
C54: LDR Rupiah | E54: 0.89174617
C55: LDR Valas | E55: 0.7501559
C56: LDR Total | E56: 0.86310142
A57: H. | B57: AL:DPK dan AL:NCD
C58: AL/NCD (min. 50%) | E58: 0.91805407
C59: AL/DPK (min. 10%) | E59: 0.21406969
A61: Catatan: | C61: * Kondisi Pagu Normal (Rupiah) dan Normal (Valas) cfm. Memo ERM No.ERM/3/597 tanggal 30 April 2026
C62: ** Safety Level (Adjusted SR Ideal) IDR dan VA cfm Memo ERM/3/046 tgl. 09 Januari 2024
C63: ** Berdasarkan hasil Steerco BCC tanggal 28 Mei 2025, kondisi likuiditas ditetapkan pada stage Moderate.
C64: *** Perhitungan penetapan traffic light SR IDR dan VA cfm PP Prosedur Manajemen Risiko Likuiditas No. IN/829/ERM/003
A65: **** Perhitungan Kas menggunakan Neraca Before tanggal 01 July 2026
A66: ***** Penetapan Pagu Kas Rupiah dan Valas BNI Wide cfm. Memo No.ERM/3/921 tanggal 01 Juli 2026
A67: ****** Perhitungan LDR, AL/NCD, dan AL/DPK menggunakan data tanggal 29 Juni 2026
E75: RED BAHAYA
E81: kredit
E84: giro
C85: =A94&TEXT(F94,"dd mmmm yyy") | E85: deposito
E86: simpanan
A87: **** Perhitungan Kas menggunakan Neraca Before tanggal | E87: pinjaman yang diterima
E98: RED DOWN
D99: KREDIT
D100: 0
D101: DPK
D102: 0
